"","sex","standardDev"
"1","female",5531.7581636359
"2","hermaphroditic",NA
"3","male",11552.4952835715
"4","none",14171.7000920849
"5",NA,1042.11723588727
